LA.code,LA.name,cycling_weekly,cycling.rank,walking_thriceweekly,walking.rank,weekly_greenspace_visits,greenspace.rank,hospital_experience_score,hospital.rank,pct_canseegp,gp.rank,dentists_per_thousand,dentists.rank,overall.rank
E06000053,ISLES OF SCILLY,30.6,177,68.4,175.5,NA,NA,NA,NA,0.964912280701754,145,NA,NA,165.833333333333
E07000203,MID SUFFOLK,13,131,58.7,116.5,2.13318777292576,149.5,NA,NA,0.92443919716647,143,NA,NA,135
E07000053,WEYMOUTH AND PORTLAND,13.8,142.5,56.7,76.5,2.16748768472906,151.5,NA,NA,0.87089061566049,121,NA,NA,122.875
E10000025,OXFORDSHIRE,18.1,171.5,56.5,72.5,NA,NA,NA,NA,NA,NA,NA,NA,122
E07000035,DERBYSHIRE DALES,11.7,94.5,61.2,147,2.61417322834646,168.5,NA,NA,0.883023395320936,131,0.0701262272089762,-4,107.4
E10000003,CAMBRIDGESHIRE,21.1,175,55.3,33.5,NA,NA,NA,NA,NA,NA,NA,NA,104.25
E07000091,NEW FOREST,17.5,168,60.3,139,NA,NA,NA,NA,0.846846846846847,86,0.0789177001127396,7,100
E07000166,RICHMONDSHIRE,8.3,-55.5,63,159.5,2.10055865921788,143.5,NA,NA,0.925320886814469,144,NA,NA,97.875
E07000225,CHICHESTER,14.8,148,59.6,130.5,1.94117647058824,123.5,74,44.5,0.830525272547076,40,NA,NA,97.3
E07000164,HAMBLETON,12,104,61.7,151,1.44278606965174,30.5,92,64.5,0.877702285361334,126,NA,NA,95.2
E07000191,WEST SOMERSET,9.9,22,65.9,171.5,1.96923076923077,124.5,NA,NA,0.878120411160059,127,0.0867052023121387,18,92.6
E09000033,WESTMINSTER,13.5,139,68.7,177,0.798728813559322,-112.5,109,68,NA,162,0.602947744528808,121,92.4166666666667
E07000223,ADUR,13.8,142.5,60.2,137.5,NA,NA,NA,NA,0.865060240963855,108,0.0646203554119548,-19,92.25
E07000040,EAST DEVON,14.2,144,60.5,143,1.99726402188782,128.5,NA,NA,0.85234093637455,91,0.0520833333333333,-48,91.7
E07000216,WAVERLEY,12.7,121,53.7,-14.5,2.03636363636364,135.5,NA,NA,0.868483816013629,114,0.188679245283019,102,91.6
E10000008,DEVON,10.5,54,59.4,129,NA,NA,NA,NA,NA,NA,NA,NA,91.5
E07000237,WORCESTER,14.9,150,58.9,120,1.55678233438486,57.5,66,20,0.864302235929067,105,NA,NA,90.5
E10000032,WEST SUSSEX,11,70,58,106,NA,NA,NA,NA,NA,NA,NA,NA,88
E07000082,STROUD,10.3,42.5,55.6,42.5,1.97867298578199,126.5,NA,NA,0.866332116788321,110,0.211640211640212,107,85.7
E10000006,CUMBRIA,10.3,42.5,59.3,127.5,NA,NA,NA,NA,NA,NA,NA,NA,85
E06000017,RUTLAND,12.7,121,67,173.5,1.71428571428571,95.5,NA,NA,0.790996784565916,-51,NA,NA,84.75
E10000027,SOMERSET,12.2,108.5,56,59.5,NA,NA,NA,NA,NA,NA,NA,NA,84
E07000031,SOUTH LAKELAND,10.5,54,60.4,141,1.52040816326531,45.5,NA,NA,0.870616113744076,118,0.1256038647343,61,83.9
E07000094,WINCHESTER,13.7,141,59.9,134.5,2.1027397260274,144.5,66,20,0.809956917185256,-13,0.144435004248088,76,83.8333333333333
E07000011,HUNTINGDONSHIRE,13.1,133,57.5,96.5,1.70569280343716,92.5,72,39.5,0.869373622914699,117,0.087719298245614,20,83.0833333333333
E07000205,SUFFOLK COASTAL,15.5,157,62.5,156,1.71428571428571,95.5,NA,NA,0.858061325420376,100,0.0321802091713596,-95,82.7
E10000023,NORTH YORKSHIRE,10,28,59.7,132.5,NA,NA,NA,NA,NA,NA,NA,NA,80.25
E07000221,STRATFORD-ON-AVON,12.7,121,51.5,-88,2.26848249027237,158.5,196,81,0.846236559139785,85,0.290215588723051,115,78.75
E07000179,SOUTH OXFORDSHIRE,15,152,57,86.5,2.29192546583851,160.5,NA,NA,0.857087678640402,98,0.029520295202952,-104,78.6
E07000180,VALE OF WHITE HORSE,15.1,154,56.8,79.5,1.68996960486322,88.5,NA,NA,0.816391941391941,11,0.11400651465798,49,76.4
E07000189,SOUTH SOMERSET,11.4,82.5,57.2,89.5,1.86975717439294,115.5,57,-9,0.892888498683055,135,0.110429447852761,44,76.25
E06000046,ISLE OF WIGHT,9.6,10.5,57,86.5,2.08836789900812,141.5,64,14.5,0.876210235131397,125,NA,NA,75.6
E07000093,TEST VALLEY,13.3,136.5,54.5,3,2.63636363636364,170.5,NA,NA,0.816104461371056,9,0.11965811965812,55,74.8
E07000178,OXFORD,34.3,178,57.2,89.5,1.24170616113744,-21.5,64,14.5,0.839853644807205,66,0.314754098360656,118,74.0833333333333
E07000029,COPELAND,12,104,61.4,148,1.40684410646388,22.5,63,9.5,0.842493297587131,78,NA,NA,72.4
E07000176,RUSHCLIFFE,12.6,115,53.6,-20,1.89285714285714,119.5,NA,NA,0.840793724042455,74,NA,NA,72.125
E09000032,WANDSWORTH,15.8,161,64.8,169,0.892093023255814,-98.5,48,-43,NA,161,0.142718131689912,74,70.5833333333333
E07000046,TORRIDGE,7.4,-96,58.4,114.5,1.97847358121331,125.5,NA,NA,0.90053557765876,138,0.139103554868624,70,70.4
E09000007,CAMDEN,10.6,58.5,69,178,0.770627062706271,-116.5,75,47,NA,157,0.182222222222222,98,70.3333333333333
E07000012,SOUTH CAMBRIDGESHIRE,18.1,171.5,55.6,42.5,2.02958579881657,133.5,NA,NA,0.844703770197487,81,0.0397088021178028,-77,70.3
E07000047,WEST DEVON,10,28,63.9,163.5,1.60337552742616,72.5,NA,NA,0.821782178217822,17,NA,NA,70.25
E07000085,EAST HAMPSHIRE,11.5,87,53.5,-24.5,2.14318181818182,150.5,NA,NA,0.868568958063122,115,0.0945017182130584,23,70.2
E10000020,NORFOLK,11.9,100.5,55.3,33.5,NA,NA,NA,NA,NA,NA,NA,NA,67
E07000222,WARWICK,11.6,91,58.4,114.5,1.35211267605634,13.5,80,57.5,0.864864864864865,107,0.0865800865800866,17,66.75
E06000043,BRIGHTON AND HOVE,12,104,64.5,167,1.26538461538462,-13.5,61,4,0.835738608723853,58,0.148658448150834,79,66.4166666666667
E07000079,COTSWOLD,9,-18.5,55,18,2.25984251968504,157.5,NA,NA,0.881979695431472,130,0.107655502392345,42,65.8
E09000027,RICHMOND UPON THAMES,21.4,176,64.3,166,1.15360501567398,-35.5,NA,NA,0.777230046948357,-87,0.206240084611317,105,64.9
E07000133,MELTON,9,-18.5,63.5,161,1.87351778656126,116.5,NA,NA,0.802895322939866,-30,0.177165354330709,94,64.6
E06000022,BATH AND NORTH EAST SOMERSET,10.8,64.5,63,159.5,1.88098495212038,117.5,85,62,0.83989218328841,67,0.0337837837837838,-90,63.4166666666667
E07000188,SEDGEMOOR,13.4,138,53.4,-27.5,1.64827586206897,82.5,NA,NA,0.833109619686801,50,NA,NA,60.75
E07000163,CRAVEN,9.6,10.5,62,154,5.4,173.5,NA,NA,0.771587743732591,-97,NA,NA,60.25
E07000167,RYEDALE,9.4,2,59.3,127.5,1.40084388185654,20.5,NA,NA,0.849588719153937,88,NA,NA,59.5
E07000097,EAST HERTFORDSHIRE,9,-18.5,55.9,56,2.07692307692308,139.5,NA,NA,NA,NA,NA,NA,59
E07000131,HARBOROUGH,8.3,-55.5,58.9,120,2.25,156,NA,NA,0.830678466076696,41,0.104166666666667,33,58.9
E07000043,NORTH DEVON,8.9,-25.5,62.4,155,1.66034482758621,85.5,73,41.5,0.828571428571429,34,NA,NA,58.1
E09000013,HAMMERSMITH AND FULHAM,19.2,174,65.9,171.5,1.18918918918919,-29.5,129,72,0.730690537084399,-151,0.222345747637576,110,57.8333333333333
E08000003,MANCHESTER,11.2,74,56.6,75,0.779028132992327,-114.5,368,83,NA,152,0.135082223962412,67,56.0833333333333
E07000135,OADBY AND WIGSTON,9.1,-12,55.2,28.5,1.92307692307692,121.5,NA,NA,0.829611248966088,38,0.17825311942959,95,54.2
E10000014,HAMPSHIRE,12.9,128,53.6,-20,NA,NA,NA,NA,NA,NA,NA,NA,54
E07000099,NORTH HERTFORDSHIRE,13.6,140,52.3,-63,1.59485530546624,68.5,NA,NA,0.817282070803198,12,0.225856697819315,111,53.7
E07000065,WEALDEN,9.8,18,56.8,79.5,1.33333333333333,5.5,NA,NA,0.845001628134158,84,0.152317880794702,81,53.6
E07000050,NORTH DORSET,7.3,-100.5,55.8,52,2.12307692307692,147.5,NA,NA,0.90436005625879,140,0.101010101010101,28,53.4
E07000063,LEWES,11.8,98,61.8,152,1.21311475409836,-25.5,NA,NA,0.831223628691983,43,0.0709219858156028,-1,53.3
E07000044,SOUTH HAMS,7.7,-78.5,55.9,56,1.71768707482993,97.5,NA,NA,0.886590038314176,133,NA,NA,52
E07000052,WEST DORSET,7.5,-90.5,60.4,141,1.64739884393064,81.5,54,-19,0.904936974789916,141,0.120603015075377,57,51.8333333333333
E07000005,CHILTERN,8.4,-52.5,53.7,-14.5,2.32142857142857,163.5,NA,NA,0.870670995670996,119,0.10752688172043,41,51.3
E07000078,CHELTENHAM,14.3,145,56.9,83,1.33853354134165,8.5,69,33.5,0.781551362683438,-78,0.232558139534884,112,50.6666666666667
E07000100,ST ALBANS,11.3,77.5,55.1,22.5,1.53674832962138,50.5,NA,NA,NA,NA,NA,NA,50.1666666666667
E07000210,MOLE VALLEY,9.6,10.5,57.5,96.5,1.25384615384615,-17.5,NA,NA,0.840152755046372,68,0.174825174825175,91,49.7
E07000146,KING'S LYNN AND WEST NORFOLK,12.6,115,56.1,64,1.06752411575563,-58.5,53,-24,NA,150,NA,NA,49.3
E07000008,CAMBRIDGE,48.6,179,56.1,64,0.586206896551724,-151.5,60,0.5,0.865345869711216,109,0.175718849840256,93,49
E09000022,LAMBETH,16.6,166.5,62.8,158,0.839317773788151,-106.5,164,80,0.795006207752794,-47,0.109606705351386,43,49
E09000021,KINGSTON UPON THAMES,11.7,94.5,58.3,111.5,0.635332252836305,-144.5,47,-45.5,NA,160,0.26235509456986,114,48.3333333333333
E07000229,WORTHING,11.1,72,56.8,79.5,1,-75,68,29,NA,151,0.10406811731315,32,48.0833333333333
E07000173,GEDLING,11.3,77.5,52,-72,1.66876971608833,86.5,NA,NA,0.856330749354005,97,NA,NA,47.25
E07000148,NORWICH,16.6,166.5,61.9,153,0.740740740740741,-123.5,NA,NA,0.815006468305304,5,0.104244229337305,35,47.2
E06000023,BRISTOL,15.8,161,59.1,124.5,NA,NA,142,74,0.796143250688705,-46,0.0393063583815029,-79,46.9
E06000028,BOURNEMOUTH,12.3,110,58,106,1.58125,64.5,78,54,0.816059517701385,8,0.0428494911622925,-66,46.0833333333333
E07000089,HART,11.5,87,50.3,-118.5,3.57142857142857,172.5,NA,NA,0.836858006042296,61,0.0976138828633406,24,45.2
E07000235,MALVERN HILLS,9.1,-12,50.6,-108.5,2.30935251798561,161.5,NA,NA,0.902616279069767,139,NA,NA,45
E07000041,EXETER,15.6,158,65.8,170,1.2719298245614,-11.5,39,-64.5,0.814624505928854,4,0.0837520938023451,12,44.6666666666667
E07000207,ELMBRIDGE,15.1,154,56.9,83,0.94475138121547,-89.5,NA,NA,0.8012912482066,-34,0.220532319391635,109,44.5
E07000009,EAST CAMBRIDGESHIRE,10.2,37.5,55.1,22.5,1.54882154882155,53.5,NA,NA,0.837047353760446,62,NA,NA,43.875
E09000014,HARINGEY,10.5,54,60.9,145,0.784491440080564,-113.5,NA,NA,NA,158,0.0617999227500966,-27,43.3
E06000010,KINGSTON UPON HULL,14.9,150,59.9,134.5,NA,NA,49,-38,0.799297012302285,-37,0.0777604976671851,5,42.9
E07000177,CHERWELL,11.1,72,55.5,38.5,1.86295503211991,114.5,49,-38,0.807179487179487,-18,0.161064425770308,88,42.8333333333333
E07000175,NEWARK AND SHERWOOD,13.1,133,56.2,67,2.69369369369369,171.5,NA,NA,0.750674373795761,-125,0.0604490500863558,-33,42.7
E07000169,SELBY,15.1,154,52.6,-53,1.46414342629482,32.5,NA,NA,0.803840877914952,-25,0.190249702734839,103,42.3
E07000077,UTTLESFORD,11.1,72,58.7,116.5,1.98976109215017,127.5,NA,NA,0.806411062225016,-21,0.03690036900369,-84,42.2
E10000019,LINCOLNSHIRE,12.5,111.5,53.4,-27.5,NA,NA,NA,NA,NA,NA,NA,NA,42
E08000015,WIRRAL,10.1,32.5,57.8,103,1.52296819787986,47.5,89,63,0.85233197125546,90,0.0343535290443473,-88,41.3333333333333
E07000152,EAST NORTHAMPTONSHIRE,8.8,-32.5,57.4,93,1.56415094339623,59.5,NA,NA,0.813618003462204,-1,0.160183066361556,87,41.2
E10000029,SUFFOLK,12.6,115,53.2,-34.5,NA,NA,NA,NA,NA,NA,NA,NA,40.25
E07000048,CHRISTCHURCH,11.9,100.5,51.6,-85,1.73451327433628,98.5,NA,NA,0.833164812942366,51,0.104166666666667,34,39.8
E06000003,REDCAR AND CLEVELAND,10.9,68,51.1,-96.5,2.06412103746398,138.5,NA,NA,0.83235938641344,48,NA,NA,39.5
E10000009,DORSET,9.7,16,56,59.5,NA,NA,NA,NA,NA,NA,NA,NA,37.75
E06000014,YORK,17.8,170,61.5,149,1.56865671641791,62.5,11,-81,0.781809019904258,-77,0.07,-5,36.4166666666667
E07000084,BASINGSTOKE AND DEANE,11.7,94.5,53.2,-34.5,1.41333333333333,24.5,71,37.5,0.82691149909693,29,0.134897360703812,66,36.1666666666667
E07000214,SURREY HEATH,12.1,107,50.7,-104.5,2,130.5,52,-30,0.844714686623012,82,0.103926096997691,31,36
E06000051,SHROPSHIRE,11.6,91,59.1,124.5,NA,NA,73,41.5,0.798814375694702,-38,0.0551589876703439,-43,35.2
E10000018,LEICESTERSHIRE,9.9,22,55.7,47.5,NA,NA,NA,NA,NA,NA,NA,NA,34.75
E07000124,RIBBLE VALLEY,9.1,-12,55,18,1.43533123028391,28.5,NA,NA,0.8603515625,103,NA,NA,34.375
E10000011,EAST SUSSEX,8.8,-32.5,57.6,100.5,NA,NA,NA,NA,NA,NA,NA,NA,34
E07000151,DAVENTRY,9.9,22,51.2,-93.5,1.77777777777778,103.5,NA,NA,0.859701492537313,102,NA,NA,33.5
E07000149,SOUTH NORFOLK,10.6,58.5,57.3,91.5,1.12942779291553,-38.5,53,-24,0.841028081865778,75,NA,NA,32.5
E07000132,HINCKLEY AND BOSWORTH,10.4,48,54.5,3,1.55072463768116,54.5,NA,NA,0.866763565891473,111,0.0471698113207547,-56,32.1
E07000227,HORSHAM,10.2,37.5,54.2,-3.5,0.867383512544803,-103.5,NA,NA,0.878149680330952,128,0.181543116490166,96,30.9
E07000224,ARUN,11.5,87,61.6,150,1.54457050243112,52.5,NA,NA,0.810138248847926,-11,0.0198150594451783,-128,30.1
E06000037,WEST BERKSHIRE,10.8,64.5,52.9,-43.5,1.38461538461538,18.5,NA,NA,0.832200357781753,46,0.122977346278317,60,29.1
E06000040,WINDSOR AND MAIDENHEAD,10.2,37.5,54.6,7.5,1.48561151079137,36.5,68,29,0.791590493601462,-50,0.219478737997257,108,28.0833333333333
E10000031,WARWICKSHIRE,10.6,58.5,54.2,-3.5,NA,NA,NA,NA,NA,NA,NA,NA,27.5
E07000037,HIGH PEAK,10.8,64.5,55.4,36.5,1.6,71.5,NA,NA,0.835112059765208,57,0.0329308452250274,-92.5,27.4
E07000181,WEST OXFORDSHIRE,10.5,54,55.7,47.5,1.91717791411043,120.5,NA,NA,0.812753036437247,-5,0.0373482726423903,-83,26.8
E07000103,WATFORD,9.9,22,54.4,0.5,0.903381642512077,-95.5,76,48.5,0.838167938931298,65,0.327153762268266,119,26.5833333333333
E07000092,RUSHMOOR,10.5,54,49.6,-137,2.25,156,NA,NA,0.831867563372995,45,0.0842992623814542,13,26.2
E07000049,EAST DORSET,8.9,-25.5,54.8,12.5,1.56716417910448,61.5,NA,NA,0.850993377483444,89,0.0683371298405467,-8,25.9
E08000021,NEWCASTLE UPON TYNE,6.6,-120.5,60.7,144,1.27264239028945,-10.5,78,54,NA,154,0.0424929178470255,-68,25.5
E06000024,NORTH SOMERSET,8.5,-48.5,53.6,-20,2.42253521126761,165.5,92,64.5,0.840489381348107,71,0.0391389432485323,-80,25.4166666666667
E07000116,TUNBRIDGE WELLS,8.5,-48.5,55.8,52,0.974117647058824,-83.5,58,-5.5,0.883218390804598,132,0.207792207792208,106,25.4166666666667
E07000190,TAUNTON DEANE,15.7,159,53,-41,1.56687898089172,60.5,49,-38,0.917724288840263,142,0.0179533213644524,-131,25.25
E09000020,KENSINGTON AND CHELSEA,11.4,82.5,64.7,168,0.775700934579439,-115.5,56,-13,0.790648804833202,-54,0.153944836433611,82,25
E07000051,PURBECK,11.3,77.5,52.7,-48.5,2.08383233532934,140.5,NA,NA,0.800670016750419,-35,0.0662251655629139,-13,24.3
E07000139,NORTH KESTEVEN,15.8,161,57,86.5,1.10481099656357,-48.5,NA,NA,0.767723342939481,-103,NA,NA,24
E06000019,HEREFORDSHIRE,12.2,108.5,56.1,64,NA,NA,43,-50.5,0.859605911330049,101,0.0270416441319632,-111,22.4
E07000155,SOUTH NORTHAMPTONSHIRE,7.8,-74.5,53.2,-34.5,1.55636363636364,56.5,NA,NA,0.864394993045897,106,0.115740740740741,52,21.1
E07000070,CHELMSFORD,10.2,37.5,54.5,3,1.59487179487179,69.5,41,-55.5,0.872008324661811,122,0.0472533963378618,-55,20.25
E07000108,DOVER,11.4,82.5,60,136,0.706840390879479,-129.5,NA,NA,0.811520737327189,-9,NA,NA,20
E07000030,EDEN,12.6,115,63.6,162,0,-174.5,NA,NA,0.870722433460076,120,0.0189753320683112,-129,18.7
E07000141,SOUTH KESTEVEN,9.3,-4,58.8,118,1.57894736842105,63.5,149,76.5,0.763139453398739,-109,0.0592592592592593,-35,18.3333333333333
E07000130,CHARNWOOD,13.1,133,57.5,96.5,1.01954732510288,-68.5,NA,NA,0.814376204902231,3,0.0414691943127962,-73,18.2
E06000052,CORNWALL,7.3,-100.5,57.5,96.5,NA,NA,40,-61,0.872375642477568,123,0.102249488752556,29,17.4
E07000193,EAST STAFFORDSHIRE,10.3,42.5,50,-126,1.28666666666667,-5.5,67,25,0.856063785144776,96,0.13986013986014,71,17.1666666666667
E07000144,BROADLAND,11.3,77.5,53.6,-20,1.27891156462585,-9.5,NA,NA,0.823000473260767,20,NA,NA,17
E06000005,DARLINGTON,8.8,-32.5,52.4,-60,1.61216730038023,74.5,40,-61,0.857617465590887,99,0.152091254752852,80,16.6666666666667
E07000153,KETTERING,6.4,-132,55.9,56,1.65751789976134,84.5,NA,84,0.842293906810036,77,0.0421940928270042,-71,16.4166666666667
E07000208,EPSOM AND EWELL,9.6,10.5,53.8,-12,0.968152866242038,-85.5,81,59.5,0.838044758539458,64,0.131406044678055,62,16.4166666666667
E06000044,PORTSMOUTH,15.2,156,57.3,91.5,1.31972111553785,1.5,67,25,0.774975751697381,-91,0.0338491295938104,-89,15.6666666666667
E07000042,MID DEVON,9,-18.5,59.1,124.5,0.571428571428571,-154,NA,NA,0.840486867392697,70,0.114942528735632,51,14.6
E09000001,CITY OF LONDON,7.7,-78.5,54.3,-1,NA,NA,NA,NA,NA,NA,7.63157894736842,122,14.1666666666667
E07000168,SCARBOROUGH,7.7,-78.5,64.1,165,1.10130391173521,-49.5,61,4,0.825667980727113,27,NA,NA,13.6
E07000228,MID SUSSEX,7.9,-69,58.3,111.5,1.28135593220339,-8.5,55,-16,0.810388666908827,-10,0.141643059490085,73,13.5
E06000036,BRACKNELL FOREST,8.9,-25.5,48.7,-150,2,130.5,NA,NA,0.823765020026702,21,0.156385751520417,85,12.2
E07000187,MENDIP,9.4,2,56.4,69.5,2.5207468879668,167.5,NA,NA,0.784712143202709,-70,0.0272975432211101,-109,12
E07000138,LINCOLN,14.9,150,54.7,11,0.840193704600484,-105.5,41,-55.5,0.834823529411765,56,0.0845665961945032,14,11.6666666666667
E08000033,CALDERDALE,5.1,-161.5,59.1,124.5,0.631578947368421,-146.5,69,33.5,NA,156,0.121773015099854,59,10.8333333333333
E06000025,SOUTH GLOUCESTERSHIRE,12.9,128,52,-72,1.88147357180993,118.5,53,-24,0.803539111200483,-27,0.0450958286358512,-62,10.25
E07000206,WAVENEY,13.2,135,50.4,-115,1.29790026246719,-4.5,NA,NA,0.824600355239787,23,NA,NA,9.625
E07000086,EASTLEIGH,11.4,82.5,51,-100,1.73856209150327,99.5,NA,NA,0.799677549375252,-36,0.0709779179810726,0,9.2
E07000217,WOKING,14.4,146.5,53.5,-24.5,1.1283422459893,-39.5,NA,NA,0.750584932147871,-127,0.17102615694165,90,9.1
E10000013,GLOUCESTERSHIRE,11.3,77.5,52.4,-60,NA,NA,NA,NA,NA,NA,NA,NA,8.75
E08000009,TRAFFORD,9.3,-4,54.6,7.5,1.11812627291242,-43.5,NA,NA,0.810026385224274,-12,0.175054704595186,92,8
E09000019,ISLINGTON,12.7,121,68.4,175.5,0.634969325153374,-145.5,49,-38,0.718814432989691,-158,0.165876777251185,89,7.33333333333333
E07000071,COLCHESTER,12,104,51.8,-78,1.18883610451306,-30.5,45,-47.5,0.813266443701226,-2,0.181818181818182,97,7.16666666666667
E06000049,CHESHIRE EAST,10.1,32.5,53.4,-27.5,NA,NA,112,69,0.802979011509817,-28,0.0671862402579952,-11,7
E07000165,HARROGATE,8.6,-43.5,57.5,96.5,2.04697986577181,136.5,52,-30,0.812361331220285,-6,0.0252206809583859,-115,6.41666666666667
E06000027,TORBAY,5.8,-150,58.3,111.5,1.81818181818182,109.5,53,-24,0.893557422969188,136,0.00760456273764259,-146,6.16666666666667
E07000142,WEST LINDSEY,11.7,94.5,57,86.5,1.24798387096774,-19.5,NA,NA,0.742240215924426,-139,NA,NA,5.625
E06000048,NORTHUMBERLAND,8.2,-59.5,56.4,69.5,NA,NA,NA,NA,NA,NA,NA,NA,5
E07000111,SEVENOAKS,7.5,-90.5,50.6,-108.5,1.61495844875346,75.5,NA,NA,0.827004219409283,30,0.309278350515464,117,4.7
E07000147,NORTH NORFOLK,12.9,128,60.4,141,0.333333333333333,-172.5,NA,NA,0.797364085667216,-40,0.0589390962671906,-36,4.1
E07000200,BABERGH,8.9,-25.5,53.2,-34.5,1.41666666666667,26.5,NA,NA,0.867851193781233,113,0.0455062571103527,-60,3.9
E06000054,WILTSHIRE,10.3,42.5,54,-8,NA,NA,69,33.5,0.784512587996659,-71,0.0901845637583893,22,3.8
E06000012,NORTH EAST LINCOLNSHIRE,16.4,164.5,52.3,-63,1.03088235294118,-65.5,78,54,0.827563683866754,32,0.0313087038196619,-100,3.66666666666667
E07000106,CANTERBURY,11.8,98,56,59.5,0.638545454545455,-142.5,NA,NA,0.844997108155003,83,0.0391134289439374,-81,3.4
E07000087,FAREHAM,12.7,121,49.6,-137,2,130.5,NA,NA,0.743339253996448,-138,0.106382978723404,39,3.1
E07000075,ROCHFORD,6.2,-137.5,58.1,108.5,0.6,-149.5,NA,NA,0.898922524371473,137,0.119189511323004,54,2.5
E07000026,ALLERDALE,8.8,-32.5,53,-41,2.12101910828025,146.5,NA,NA,0.786246418338109,-64,NA,NA,2.25
E09000028,SOUTHWARK,16.4,164.5,69.1,179,0.647640791476408,-141.5,NA,NA,0.758291093410572,-116,0.0408858603066439,-75,2.2
E06000011,EAST RIDING OF YORKSHIRE,9.5,5.5,55.1,22.5,1.36687631027254,14.5,NA,NA,0.822660098522167,18,0.0506103006847276,-50,2.1
E06000055,BEDFORD,9.7,16,54,-8,1.48160535117057,35.5,30,-75,0.812182741116751,-7,0.113065326633166,47,1.41666666666667
E10000030,SURREY,10.9,68,52.2,-66.5,NA,NA,NA,NA,NA,NA,NA,NA,0.75
E07000104,WELWYN HATFIELD,11.8,98,51.8,-78,1.24277456647399,-20.5,NA,NA,NA,NA,NA,NA,-0.166666666666667
E07000115,TONBRIDGE AND MALLING,8.6,-43.5,52,-72,0.993808049535604,-78.5,NA,NA,0.840787853918753,73,0.434782608695652,120,-0.2
E07000064,ROTHER,8.7,-38.5,54.1,-6,1.375,16.5,NA,NA,0.868862275449102,116,0.0329308452250274,-92.5,-0.9
E06000029,POOLE,14.4,146.5,52.5,-57,0.555555555555556,-155.5,61,4,0.833668486067222,52,0.0740242261103634,2,-1.33333333333333
E07000061,EASTBOURNE,8.6,-43.5,57.5,96.5,1.11428571428571,-45.5,57,-9,0.890417036379769,134,0.01,-141,-1.41666666666667
E07000067,BRAINTREE,10.2,37.5,55.1,22.5,1.49624060150376,39.5,NA,NA,0.82274011299435,19,0.0202156334231806,-126,-1.5
E09000030,TOWER HAMLETS,9.6,10.5,67,173.5,0.674827850038256,-134.5,67,25,0.72280630812778,-155,0.136882129277567,69,-1.91666666666667
E07000068,BRENTWOOD,4.9,-167,56.8,79.5,1.39423076923077,19.5,NA,NA,0.837750484809308,63,0.0675675675675676,-10,-3
E07000028,CARLISLE,10.4,48,57.6,100.5,0.571428571428571,-154,77,51,0.78710289236605,-61,NA,NA,-3.1
E07000215,TANDRIDGE,6.6,-120.5,54.2,-3.5,1.33766233766234,7.5,NA,NA,0.82858837485172,35,0.13142174432497,63,-3.7
E06000041,WOKINGHAM,7.9,-69,50.1,-123.5,1,-75,NA,NA,NA,147,0.185067007019783,100,-4.1
E06000042,MILTON KEYNES,10.7,61.5,51.6,-85,1.78445595854922,105.5,57,-9,0.753912879502169,-122,0.0871632329635499,19,-5
E07000066,BASILDON,6.7,-116,52.9,-43.5,1.33060747663551,4.5,23,-78,NA,149,0.118980169971671,53,-5.16666666666667
E09000023,LEWISHAM,10,28,61,146,0.663568773234201,-138.5,66,20,0.75872461928934,-114,0.0994318181818182,27,-5.25
E07000027,BARROW-IN-FURNESS,8.8,-32.5,63.9,163.5,1.16796267496112,-32.5,41,-55.5,0.83587786259542,59,0.0146198830409357,-135,-5.5
E07000010,FENLAND,12.9,128,50.5,-112,1.47747747747748,34.5,NA,NA,0.831660583941606,44,0.0208333333333333,-125,-6.1
E07000172,BROXTOWE,10.8,64.5,49.7,-133,1.69858156028369,90.5,NA,NA,0.834096692111959,54,0.02710027100271,-110,-6.8
E07000238,WYCHAVON,7.5,-90.5,52.4,-60,1.08888888888889,-55.5,NA,NA,0.862666666666667,104,0.135938827527613,68,-6.8
E06000026,PLYMOUTH,7.8,-74.5,55.6,42.5,1.31014063656551,-0.5,67,25,0.806822019587977,-19,0.0658914728682171,-15,-6.91666666666667
E07000171,BASSETLAW,9.5,5.5,56.9,83,1.59302325581395,67.5,-16,-84,0.758208955223881,-117,0.0706713780918728,-2,-7.83333333333333
E07000196,SOUTH STAFFORDSHIRE,7.8,-74.5,51.6,-85,1.64985163204748,83.5,NA,NA,0.825124515771998,25,0.0830258302583026,10,-8.2
E08000022,NORTH TYNESIDE,7.4,-96,53.7,-14.5,2.01176470588235,132.5,51,-33.5,0.836476486034853,60,0.0297914597815293,-102,-8.91666666666667
E06000015,DERBY,12.7,121,52.6,-53,0.693939393939394,-131.5,53,-24,0.813936519518424,2,0.103750997605746,30,-9.25
E06000050,CHESHIRE WEST AND CHESTER,8.2,-59.5,53.1,-38.5,NA,NA,57,-9,0.824175824175824,22,0.105996365838886,38,-9.4
E06000038,READING,8.8,-32.5,53.6,-20,0.871635610766046,-102.5,63,9.5,0.818877551020408,15,0.140038192234246,72,-9.75
E07000218,NORTH WARWICKSHIRE,8.5,-48.5,54.9,15,1.93333333333333,122.5,NA,NA,0.748283752860412,-130,NA,NA,-10.25
E10000024,NOTTINGHAMSHIRE,10,28,52.7,-48.5,NA,NA,NA,NA,NA,NA,NA,NA,-10.25
E07000110,MAIDSTONE,5.5,-155.5,59,122,0.946153846153846,-88.5,66,20,0.806620780072107,-20,0.120788302606484,58,-10.6666666666667
E07000156,WELLINGBOROUGH,7.2,-103,57.8,103,1.52410901467505,48.5,NA,NA,0.773488710852149,-93,NA,NA,-11.125
E07000098,HERTSMERE,6.5,-126.5,55.2,28.5,1.05803571428571,-61.5,NA,NA,0.841935483870968,76,0.099304865938431,26,-11.5
E08000019,SHEFFIELD,9.3,-4,58.9,120,1.18478260869565,-31.5,128,71,0.739194408681258,-145,0.0376749192680301,-82,-11.9166666666667
E07000154,NORTHAMPTON,9.2,-8.5,55.8,52,1.16372795969773,-33.5,67,25,0.78229141328144,-76,0.0605778191985089,-31,-12
E08000023,SOUTH TYNESIDE,7.9,-69,55.3,33.5,1.23954372623574,-22.5,71,37.5,0.797195622435021,-43,NA,NA,-12.7
E10000034,WORCESTERSHIRE,9.4,2,53.4,-27.5,NA,NA,NA,NA,NA,NA,NA,NA,-12.75
E07000045,TEIGNBRIDGE,7.5,-90.5,51,-100,2.03174603174603,134.5,NA,NA,0.848203471941865,87,0.032,-96,-13
E07000202,IPSWICH,12.5,111.5,48,-153.5,1.02456140350877,-67.5,60,0.5,0.855614973262032,93,0.0446096654275093,-64,-13.3333333333333
E06000045,SOUTHAMPTON,10,28,51.7,-81.5,1.55128205128205,55.5,65,17,0.790597453476983,-55,0.0543024227234754,-45,-13.5
E07000083,TEWKESBURY,12.8,125,48.3,-151.5,1.30063965884861,-2.5,NA,NA,0.772648083623693,-95,0.120481927710843,56,-13.6
E07000211,REIGATE AND BANSTEAD,6.5,-126.5,56.5,72.5,0.878453038674033,-101.5,77,51,0.820208023774146,16,0.0786275911365261,6,-13.75
E09000029,SUTTON,5.2,-158.5,56,59.5,0.801818181818182,-110.5,152,78,0.855687606112054,94,0.0516528925619835,-49,-14.4166666666667
E09000012,HACKNEY,17.6,169,62.7,157,0.5,-161.5,59,-3,0.752513966480447,-124,0.0198333994446648,-127,-14.9166666666667
E07000090,HAVANT,10.4,48,51.4,-90.5,1.45,31.5,NA,NA,0.83307210031348,49,0.0247320692497939,-116,-15.6
E07000112,SHEPWAY,13.3,136.5,51,-100,1.08857808857809,-56.5,NA,NA,0.809253601047577,-16,0.0551977920883165,-42,-15.6
E07000204,ST EDMUNDSBURY,12.9,128,49.4,-141.5,1.28301886792453,-6.5,52,-30,0.843935926773455,80,0.017921146953405,-132,-17
E07000239,WYRE FOREST,7.8,-74.5,55.7,47.5,1.53348214285714,49.5,NA,NA,0.826530612244898,28,0.0101936799184506,-140,-17.9
E10000016,KENT,8.9,-25.5,53.9,-10.5,NA,NA,NA,NA,NA,NA,NA,NA,-18
E10000021,NORTHAMPTONSHIRE,8.4,-52.5,54.8,12.5,NA,NA,NA,NA,NA,NA,NA,NA,-20
E07000062,HASTINGS,4.4,-169.5,58.1,108.5,1.11847389558233,-42.5,28,-76,NA,148,0.0332225913621262,-91,-20.4166666666667
E07000234,BROMSGROVE,7,-107.5,54.2,-3.5,1.31645569620253,0.5,NA,NA,0.878504672897196,129,0.0212089077412513,-123,-20.9
E09000011,GREENWICH,9.2,-8.5,56.3,68,0.744349181605612,-121.5,63,9.5,0.756972111553785,-118,0.111495578623606,45,-20.9166666666667
E07000118,CHORLEY,8.7,-38.5,55.6,42.5,0.996138996138996,-77.5,62,6,0.79474216380182,-48,0.0641613198900092,-21,-22.75
E06000020,TELFORD AND WREKIN,6.6,-120.5,53.2,-34.5,1.58829902491874,65.5,63,9.5,0.765067290813341,-107,0.11329755515802,48,-23.1666666666667
E06000001,HARTLEPOOL,6.1,-141.5,53.9,-10.5,1.6039603960396,73.5,NA,NA,0.804503020318506,-24,0.0650759219088937,-16.5,-23.8
E11000002,MERSEYSIDE ITA,8.1,-63,54.9,15,NA,NA,NA,NA,NA,NA,NA,NA,-24
E07000036,EREWASH,10.6,58.5,49.9,-128,1.7877358490566,106.5,NA,NA,0.746413697362332,-132,0.0620567375886525,-26,-24.2
E07000119,FYLDE,11.5,87,51.4,-90.5,1.27033492822966,-12.5,NA,NA,0.758443465491924,-115,0.0789473684210526,8,-24.6
E06000004,STOCKTON-ON-TEES,10.4,48,52.2,-66.5,1.41617357001972,25.5,69,33.5,0.731779206859593,-149,0.0571725571725572,-40,-24.75
E07000039,SOUTH DERBYSHIRE,7.9,-69,49.8,-130,1.83695652173913,112.5,NA,NA,0.792611795204148,-49,0.0833333333333333,11,-24.9
E07000212,RUNNYMEDE,9.6,10.5,45.5,-174,0.893491124260355,-97.5,44,-49,0.830824804334738,42,0.24330900243309,113,-25.8333333333333
E06000013,NORTH LINCOLNSHIRE,9.1,-12,50.5,-112,1.03673469387755,-64.5,60,0.5,0.842743127401714,79,0.0534441805225653,-47,-26
E07000004,AYLESBURY VALE,6.8,-111.5,59.6,130.5,1.54425612052731,51.5,45,-47.5,0.801817648783348,-32,0.00562429696287964,-147,-26
E07000197,STAFFORD,9.9,22,47.9,-156,1.59513274336283,70.5,53,-24,0.787061994609164,-62,0.0683890577507599,-7,-26.0833333333333
E07000219,NUNEATON AND BEDWORTH,9.3,-4,55.3,33.5,0.989130434782609,-80.5,57,-9,0.788766788766789,-58,0.0556438791732909,-41,-26.5
E08000024,SUNDERLAND,5.9,-146.5,55.2,28.5,1.67435158501441,87.5,149,76.5,0.784440227703985,-72,0.0108813928182807,-138,-27.3333333333333
E08000011,KNOWSLEY,5.9,-146.5,55.2,28.5,0.637768240343348,-143.5,76,48.5,NA,153,0.0274160383824537,-108,-28
E07000170,ASHFIELD,5.2,-158.5,51.1,-96.5,1.69205298013245,89.5,54,-19,0.83375104427736,53,0.0582847626977519,-37,-28.0833333333333
E07000076,TENDRING,10.4,48,45.6,-172.5,1.14422057264051,-37.5,NA,NA,0.829342327150084,37,0.0650759219088937,-16.5,-28.3
E10000015,HERTFORDSHIRE,9.1,-12,52.8,-45.5,NA,NA,NA,NA,NA,NA,NA,NA,-28.75
E07000121,LANCASTER,8.6,-43.5,56.5,72.5,1.49222222222222,38.5,40,-61,0.788092835519677,-59,0.0214745884037223,-121,-28.9166666666667
E08000025,BIRMINGHAM,5.2,-158.5,52,-72,0.708989805375348,-128.5,199,82,NA,155,0.0469872857932559,-57,-29.8333333333333
E07000105,ASHFORD,9.9,22,54.9,15,1.10992907801418,-47.5,36,-68,0.82730047972089,31,0.0166527893422148,-133,-30.0833333333333
E07000136,BOSTON,18.5,173,52.2,-66.5,0.468827930174564,-166.5,42,-52,0.790992258972555,-52,NA,NA,-32.8
E07000213,SPELTHORNE,12,104,46.5,-167,0.710906701708279,-127.5,NA,NA,0.790709290709291,-53,0.144777662874871,77,-33.3
E06000031,PETERBOROUGH,11.6,91,49.1,-146,1.52246469833119,46.5,52,-30,0.803666469544648,-26,0.0107296137339056,-139,-33.9166666666667
E07000209,GUILDFORD,10.4,48,45.4,-175,0.953900709219858,-87.5,49,-38,0.828414839797639,33,0.0858983536148891,16,-33.9166666666667
E09000006,BROMLEY,5.5,-155.5,59.7,132.5,0.917197452229299,-93.5,NA,NA,0.766993411537844,-104,0.114649681528662,50,-34.1
E08000007,STOCKPORT,7.3,-100.5,54,-8,1.23596574690771,-23.5,41,-55.5,0.769861609431061,-101,0.154984149348362,83,-34.25
E09000003,BARNET,6.1,-141.5,58.3,111.5,0.799793601651187,-111.5,36,-68,0.779149519890261,-82,0.156593406593407,86,-34.25
E08000014,SEFTON,10.9,68,55.6,42.5,1.00397140587768,-72.5,48,-43,0.790215729573637,-56,0.00365363536719035,-148,-34.8333333333333
E06000018,NOTTINGHAM,7.9,-69,53.3,-30.5,0.923896499238965,-92.5,74,44.5,0.801944652206432,-31,NA,NA,-35.7
E07000129,BLABY,9.6,10.5,49.5,-140,1.0952380952381,-52.5,NA,NA,0.829268292682927,36,NA,NA,-36.5
E11000004,TYNE AND WEAR ITA,6.8,-111.5,55.5,38.5,NA,NA,NA,NA,NA,NA,NA,NA,-36.5
E06000056,CENTRAL BEDFORDSHIRE,8.4,-52.5,52.5,-57,NA,NA,NA,NA,0.812022309440198,-8,0.0615384615384615,-29,-36.625
E11000003,SOUTH YORKSHIRE ITA,7.4,-96,55.1,22.5,NA,NA,NA,NA,NA,NA,NA,NA,-36.75
E07000034,CHESTERFIELD,7.5,-90.5,50.3,-118.5,1.75507246376812,101.5,56,-13,0.786093888396811,-65,NA,NA,-37.1
E07000080,FOREST OF DEAN,9,-18.5,49.6,-137,2.16966580976864,152.5,NA,NA,0.785662033650329,-66,0.0241837968561064,-117,-37.2
E07000123,PRESTON,6.4,-132,55.4,36.5,1.01204819277108,-70.5,51,-33.5,0.817934782608696,13,NA,NA,-37.3
E09000016,HAVERING,6.5,-126.5,55.2,28.5,0.661290322580645,-139.5,15,-79,NA,159,0.0417188151856487,-72,-38.25
E07000007,WYCOMBE,5.9,-146.5,50,-126,1.32426303854875,2.5,NA,NA,0.8184,14,0.132717830351991,64,-38.4
E07000134,NORTH WEST LEICESTERSHIRE,6.4,-132,53,-41,0.754385964912281,-119.5,NA,NA,0.855988593155893,95,0.074468085106383,3,-38.9
E06000007,WARRINGTON,12.7,121,47,-165,0.998477929984779,-76.5,35,-70.5,0.785609756097561,-68,0.0981836033382425,25,-39
E07000198,STAFFORDSHIRE MOORLANDS,5.2,-158.5,52.1,-69,1.34799235181644,11.5,NA,NA,0.832214765100671,47,0.0617283950617284,-28,-39.4
E07000109,GRAVESHAM,7.7,-78.5,54.6,7.5,1.34175334323923,9.5,34,-72.5,0.740407389862624,-143,0.107003891050584,40,-39.5
E07000145,GREAT YARMOUTH,9,-18.5,49.4,-141.5,0.521739130434783,-159.5,59,-3,0.874636979670862,124,NA,NA,-39.7
E09000018,HOUNSLOW,8.2,-59.5,55.1,22.5,0.760479041916168,-118.5,80,57.5,0.72,-157,0.0849093014280201,15,-40
E07000194,LICHFIELD,10.1,32.5,50.7,-104.5,0.932584269662921,-90.5,NA,NA,0.813770491803279,0,NA,NA,-40.625
E07000006,SOUTH BUCKS,6.3,-135.5,47.9,-156,1.09009009009009,-54.5,NA,NA,0.86739269698911,112,0.0890207715133531,21,-42.6
E07000081,GLOUCESTER,11.5,87,47.6,-160.5,1.09174311926605,-53.5,54,-19,0.732149901380671,-148,0.105348460291734,37,-42.8333333333333
E07000096,DACORUM,5.8,-150,52.6,-53,1.40458015267176,21.5,NA,NA,0.830371567043619,39,0.0408997955010225,-74,-43.3
E08000035,LEEDS,7.6,-84,51.8,-78,1.26044444444444,-14.5,79,56,0.771830471318962,-96,0.0541111257753728,-46,-43.75
E06000002,MIDDLESBROUGH,7.3,-100.5,50.4,-115,1.33620689655172,6.5,55,-16,0.813003095975232,-4,0.0576784426820476,-39,-44.6666666666667
E07000032,AMBER VALLEY,5.9,-146.5,53.2,-34.5,1.41192411924119,23.5,NA,NA,0.805607476635514,-22,NA,NA,-44.875
E08000006,SALFORD,7.1,-105,53.6,-20,0.741154562383613,-122.5,59,-3,0.759521435692921,-113,0.156052298608182,84,-46.5833333333333
E09000031,WALTHAM FOREST,9.9,22,56.1,64,0.492944496707432,-162.5,83,61,0.732342007434944,-147,0.0228484386900228,-120,-47.0833333333333
E07000102,THREE RIVERS,3.5,-175,50.7,-104.5,1.01145038167939,-71.5,NA,NA,0.840267459138187,69,0.112612612612613,46,-47.2
E10000012,ESSEX,8.8,-32.5,52.3,-63,NA,NA,NA,NA,NA,NA,NA,NA,-47.75
E08000020,GATESHEAD,6.6,-120.5,50.7,-104.5,1.64503816793893,80.5,NA,NA,NA,NA,NA,NA,-48.1666666666667
E07000073,HARLOW,9.3,-4,46.1,-169,1.51639344262295,43.5,74,44.5,0.722693831352575,-156,NA,NA,-48.2
E07000220,RUGBY,9.7,16,49.8,-130,0.954545454545455,-86.5,NA,NA,0.815699658703072,7,NA,NA,-48.375
E07000236,REDDITCH,10.7,61.5,47.1,-164,1.32688172043011,3.5,77,51,0.773081201334817,-94,0,-149.5,-48.5833333333333
E06000033,SOUTHEND-ON-SEA,11.3,77.5,53.1,-38.5,0.703703703703704,-130.5,41,-55.5,0.797058823529412,-45,0.028604118993135,-105,-49.5
E07000107,DARTFORD,7.9,-69,50.3,-118.5,1.35051546391753,12.5,81,59.5,0.729439252336449,-152,0.0606673407482305,-30,-49.5833333333333
E06000047,DURHAM,7.9,-69,55,18,1.28276877761414,-7.5,40,-61,0.785625656199294,-67,0.0252770756367879,-114,-50.0833333333333
E06000030,SWINDON,7.6,-84,54.6,7.5,1.25,-18.5,35,-70.5,0.753857640617222,-123,0.0660689004247286,-14,-50.4166666666667
E09000009,EALING,10.4,48,56.5,72.5,0.502232142857143,-160.5,63,9.5,0.74495617086406,-135,0.0117405341943058,-137,-50.4166666666667
E07000038,NORTH EAST DERBYSHIRE,4.2,-171,46.7,-166,1.62352941176471,77.5,NA,NA,0.834650856389987,55,NA,NA,-51.125
E07000072,EPPING FOREST,5.7,-152.5,52.7,-48.5,1.71223021582734,93.5,NA,NA,0.770394133822181,-100,NA,NA,-51.875
E07000199,TAMWORTH,8.4,-52.5,51.4,-90.5,1.34555712270804,10.5,NA,NA,0.808189655172414,-17,0.0259403372243839,-112,-52.3
E09000024,MERTON,8.6,-43.5,60.2,137.5,0.469437652811736,-165.5,NA,NA,0.741808952468851,-140,0.0494559841740851,-52,-52.7
E08000012,LIVERPOOL,6.4,-132,55.6,42.5,0.886243386243386,-100.5,156,79,0.778998416468725,-84,0.0212901852246115,-122,-52.8333333333333
E07000122,PENDLE,7,-107.5,56.7,76.5,1.15373352855051,-34.5,NA,NA,0.733212341197822,-146,NA,NA,-52.875
E07000033,BOLSOVER,3,-178,50.5,-112,1.78238341968912,104.5,NA,NA,0.802936194240542,-29,NA,NA,-53.625
E08000034,KIRKLEES,6.1,-141.5,50.1,-123.5,1.19025050778605,-28.5,101,67,0.801362495518107,-33,0.0423031727379553,-70,-54.9166666666667
E07000150,CORBY,8.7,-38.5,48.8,-149,1.80904522613065,108.5,NA,NA,0.741301059001513,-141,NA,NA,-55
E08000016,BARNSLEY,4.9,-167,54.4,0.5,1.26026272577997,-15.5,64,14.5,0.804635044401126,-23,0.00855798031664527,-143,-55.5833333333333
E07000095,BROXBOURNE,9.4,2,47.8,-158,1.09641873278237,-51.5,NA,NA,0.729166666666667,-153,0.148148148148148,78,-56.5
E09000026,REDBRIDGE,7.6,-84,58,106,0.58602466236054,-152.5,43,-50.5,0.744404332129964,-137,0.0632466619817287,-23,-56.8333333333333
E10000017,LANCASHIRE,8,-64.5,52.6,-53,NA,NA,NA,NA,NA,NA,NA,NA,-58.75
E09000017,HILLINGDON,10.1,32.5,54.6,7.5,0.465648854961832,-167.5,60,0.5,0.744810027418723,-136,0.0319375443577005,-97,-60
E08000002,BURY,8.2,-59.5,52.5,-57,0.991421568627451,-79.5,69,33.5,0.745736434108527,-133,0.0429645542427497,-65,-60.0833333333333
E08000018,ROTHERHAM,6.5,-126.5,51.6,-85,1.14750290360046,-36.5,55,-16,0.763185991885543,-108,0.0735294117647059,1,-61.8333333333333
E07000126,SOUTH RIBBLE,9.4,2,49.7,-133,1.04312354312354,-62.5,NA,NA,0.825310559006211,26,0.00917431192660551,-142,-61.9
E09000015,HARROW,5,-164,55.8,52,0.436253252385082,-169.5,NA,NA,0.816369804919423,10,0.0577557755775578,-38,-61.9
E07000088,GOSPORT,16,163,49.8,-130,0.428571428571429,-170.5,NA,NA,0.777131782945736,-88,0.0360144057623049,-87,-62.5
E07000113,SWALE,9,-18.5,50.2,-121.5,1.20466786355476,-26.5,NA,NA,0.778688524590164,-85,NA,NA,-62.875
E08000032,BRADFORD,7.4,-96,50.2,-121.5,0.676113360323887,-133.5,98,66,0.779547441002234,-81,0.0667174990468929,-12,-63
E08000010,WIGAN,6.8,-111.5,52,-72,1.02474226804124,-66.5,63,9.5,0.798611111111111,-39,0.0313774709758394,-99,-63.0833333333333
E08000036,WAKEFIELD,3.9,-172.5,50.6,-108.5,1.29796511627907,-3.5,139,73,0.773642288196959,-92,0.0396825396825397,-78,-63.5833333333333
E07000128,WYRE,8.6,-43.5,49.7,-133,1.11494252873563,-44.5,NA,NA,0.797216699801193,-42,0.046339202965709,-59,-64.4
E07000120,HYNDBURN,5.6,-154,53.6,-20,1.21621621621622,-24.5,NA,NA,0.770780856423174,-99,0.0623441396508728,-25,-64.5
E08000008,TAMESIDE,8.5,-48.5,52.7,-48.5,1.08812260536398,-57.5,38,-66,0.709975230803873,-161,0.0681198910081744,-9,-65.0833333333333
E10000002,BUCKINGHAMSHIRE,6.7,-116,53.7,-14.5,NA,NA,NA,NA,NA,NA,NA,NA,-65.25
E09000005,BRENT,8,-64.5,52.2,-66.5,0.470955652717052,-164.5,148,75,0.749383392710332,-128,0.0476644423260248,-53,-66.9166666666667
E07000137,EAST LINDSEY,9.3,-4,47.7,-159,0.82010582010582,-107.5,NA,NA,0.813143046797212,-3,NA,NA,-68.375
E08000029,SOLIHULL,7.5,-90.5,44.8,-179,0.981351981351981,-82.5,34,-72.5,0.775243578387954,-90,0.197685631629701,104,-68.4166666666667
E08000031,WOLVERHAMPTON,6.7,-116,55.8,52,0.817452357071214,-108.5,52,-30,0.769748564640665,-102,0.0278884462151394,-106,-68.4166666666667
E11000001,GREATER MANCHESTER ITA,7.6,-84,52.6,-53,NA,NA,NA,NA,NA,NA,NA,NA,-68.5
E07000192,CANNOCK CHASE,6.4,-132,47.3,-162,1.47006651884701,33.5,NA,NA,0.809787626962142,-14,NA,NA,-68.625
E09000025,NEWHAM,3.9,-172.5,57.8,103,0.533432392273403,-158.5,47,-45.5,0.755808513956027,-120,0.0604902897166507,-32,-70.9166666666667
E07000201,FOREST HEATH,10.2,37.5,48,-153.5,1.00294985250737,-73.5,NA,NA,0.771380186282811,-98,NA,NA,-71.875
E07000101,STEVENAGE,8.9,-25.5,49.2,-145,1.11111111111111,-46.5,NA,NA,NA,NA,NA,NA,-72.3333333333333
E07000127,WEST LANCASHIRE,8.2,-59.5,45,-177.5,0.713235294117647,-126.5,NA,NA,0.824911347517731,24,0.0631199278629396,-24,-72.7
E07000143,BRECKLAND,9.3,-4,47.9,-156,1.19805194805195,-27.5,NA,NA,0.781209221400609,-79,0.0303260045489007,-101,-73.5
E07000069,CASTLE POINT,8.7,-38.5,45.1,-176,0.1,-173.5,NA,NA,0.840774610005379,72,0.0453514739229025,-61,-75.4
E08000017,DONCASTER,6.6,-120.5,51.4,-90.5,1.42278091328887,27.5,2,-82,0.765288691492996,-106,0.0363396101750909,-86,-76.25
E09000008,CROYDON,6.1,-141.5,56.1,64,0.450393700787402,-168.5,41,-55.5,0.741137675185491,-142,0.065058281377067,-18,-76.9166666666667
E06000032,LUTON,3.1,-177,52.8,-45.5,0.899244332493703,-96.5,72,39.5,0.759915014164306,-112,NA,NA,-78.3
E06000021,STOKE-ON-TRENT,5.1,-161.5,50.9,-102,0.916494845360825,-94.5,49,-38,0.813877077696173,1,0.040016006402561,-76,-78.5
E09000002,BARKING AND DAGENHAM,6.8,-111.5,55.7,47.5,0.41042345276873,-171.5,NA,NA,0.780115728563914,-80,NA,NA,-78.875
E10000007,DERBYSHIRE,7.6,-84,51.8,-78,NA,NA,NA,NA,NA,NA,NA,NA,-81
E07000125,ROSSENDALE,9.6,10.5,50.6,-108.5,0.720720720720721,-124.5,NA,NA,0.761160714285714,-110,NA,NA,-83.125
E07000226,CRAWLEY,9,-18.5,55.2,28.5,0.661214953271028,-140.5,NA,NA,0.718135158254919,-159,0.0184672206832872,-130,-83.9
E09000004,BEXLEY,3.2,-176,54.6,7.5,0.891286970423661,-99.5,NA,NA,0.745093346098612,-134,0.0640204865556978,-22,-84.8
E07000195,NEWCASTLE-UNDER-LYME,6.8,-111.5,45,-177.5,0.924528301886792,-91.5,NA,NA,0.853618421052632,92,0.00805152979066022,-145,-86.7
E06000008,BLACKBURN WITH DARWEN,6.2,-137.5,51.7,-81.5,1.10085054678007,-50.5,31,-74,0.797360980207352,-41,0.01354096140826,-136,-86.75
E08000001,BOLTON,5,-164,47.6,-160.5,1.06396713615023,-59.5,56,-13,0.783354170387569,-74,0.046594982078853,-58,-88.1666666666667
E07000114,THANET,6.3,-135.5,50,-126,0.672340425531915,-136.5,40,-61,0.815151515151515,6,0.0368459837877671,-85,-89.6666666666667
E06000016,LEICESTER,6.5,-126.5,50.3,-118.5,0.67264895908112,-135.5,66,20,0.786670464255198,-63,0.0211097708082027,-124,-91.25
E06000034,THURROCK,6.8,-111.5,53.3,-30.5,0.550724637681159,-156.5,NA,NA,0.783231083844581,-75,NA,NA,-93.375
E06000006,HALTON,7.6,-84,49,-147.5,1.06118143459916,-60.5,NA,NA,0.789312977099237,-57,0.0238663484486874,-118,-93.4
E07000140,SOUTH HOLLAND,12.6,115,45.6,-172.5,0.550200803212851,-157.5,NA,NA,0.693851132686084,-162,NA,NA,-94.25
E08000026,COVENTRY,8.8,-32.5,48.3,-151.5,0.597042513863216,-150.5,49,-38,0.777840989901863,-86,0.0278551532033426,-107,-94.25
E06000009,BLACKPOOL,5.8,-150,51.1,-96.5,1.12585034013605,-40.5,64,14.5,0.739887990043559,-144,0,-149.5,-94.3333333333333
E08000027,DUDLEY,5,-164,49.3,-143.5,1.01518438177874,-69.5,53,-24,0.785600255427842,-69,0.0318877551020408,-98,-94.6666666666667
E09000010,ENFIELD,6.1,-141.5,45.9,-170,0.744421906693712,-120.5,68,29,0.747781065088757,-131,0.0598802395209581,-34,-94.6666666666667
E07000074,MALDON,6.1,-141.5,51.8,-78,0.72,-125.5,NA,NA,0.797101449275362,-44,NA,NA,-97.25
E10000028,STAFFORDSHIRE,8.2,-59.5,49.3,-143.5,NA,NA,NA,NA,NA,NA,NA,NA,-101.5
E07000174,MANSFIELD,7.4,-96,49,-147.5,1.04093567251462,-63.5,NA,NA,0.765829694323144,-105,NA,NA,-103
E08000030,WALSALL,4.9,-167,51.9,-75,0.604373757455268,-148.5,58,-5.5,0.750635634656757,-126,NA,NA,-104.4
E06000039,SLOUGH,7.6,-84,49.6,-137,0.482088024564995,-163.5,24,-77,0.656931464174455,-163,0.0705218617771509,-3,-104.583333333333
E11000006,WEST YORKSHIRE ITA,6.5,-126.5,51.6,-85,NA,NA,NA,NA,NA,NA,NA,NA,-105.75
E08000013,ST. HELENS,6.6,-120.5,46.3,-168,0.969578017664377,-84.5,NA,NA,0.787262510034787,-60,NA,NA,-108.25
E07000117,BURNLEY,4.4,-169.5,51.1,-96.5,0.98489932885906,-81.5,NA,NA,0.779083431257344,-83,0.0229621125143513,-119,-109.9
E06000035,MEDWAY TOWNS,7.1,-105,49.6,-137,NA,NA,-1,-83,0.749175597691674,-129,NA,NA,-113.5
E08000028,SANDWELL,3.6,-174,45.8,-171,0.764565992865636,-117.5,48,-43,0.7546875,-121,0.0256986829424992,-113,-123.25
E08000004,OLDHAM,2.2,-179,51.2,-93.5,0.677376171352075,-132.5,36,-68,0.715893108298172,-160,NA,NA,-126.6
E08000005,ROCHDALE,7.1,-105,47.2,-163,0.63,-147.5,NA,NA,0.731493648707841,-150,0.0424528301886792,-69,-126.9
E11000005,WEST MIDLANDS ITA,5.7,-152.5,50.4,-115,NA,NA,NA,NA,NA,NA,NA,NA,-133.75
